﻿<LinkSources version="1.02">
  <page ID="57D4F8A3-7640-4EAD-A377-7BBB479876D2">
    <linkSource sourcePageID="57D4F8A3-7640-4EAD-A377-7BBB479876D2" comID="D9B00364-299F-4D9B-931D-8FBB503B5A07" comLinkType="cltPageLink"/>
    <linkSource sourcePageID="1CE07F64-CA15-4DB2-AC25-CCB7AA155690" comID="8884BF9C-2E72-480D-B6C9-ABF2A6A210DF" comLinkType="cltPageLink"/>
    <linkSource sourcePageID="1CE07F64-CA15-4DB2-AC25-CCB7AA155690" comID="91BC5899-3CA5-432A-B09E-DC72E223F5FA" comLinkType="cltPageLink"/>
    <linkSource sourcePageID="1CE07F64-CA15-4DB2-AC25-CCB7AA155690" comID="93759D91-2B4D-42EA-92A8-66AD980D4EB3" comLinkType="cltPageLink"/>
    <linkSource sourcePageID="57D4F8A3-7640-4EAD-A377-7BBB479876D2" comID="B62BD48B-A6A2-417C-9C5B-5574D2F02167" comLinkType="cltPageLink"/>
    <linkSource sourcePageID="D089B172-96E2-442E-B7F0-A637E6A57A95" comID="D2938371-51A6-4F18-B670-69E86A18C574" comLinkType="cltPageLink"/>
    <linkSource sourcePageID="06F1C3A2-AE25-4EA3-ACC7-76C6790D3680" comID="D2938371-51A6-4F18-B670-69E86A18C574" comLinkType="cltPageLink"/>
    <linkSource sourcePageID="B1AF6B1A-AF2D-4A77-BD2E-D12E9B7CE0FA" comID="8EDBBE63-8BBC-46BC-8C26-4526F98E0C2A" comLinkType="cltPageLink"/>
    <linkSource sourcePageID="57D4F8A3-7640-4EAD-A377-7BBB479876D2" comID="7BAADBD7-683C-4354-BB52-0F9C67A24366" comLinkType="cltPageLink"/>
    <linkSource sourcePageID="57D4F8A3-7640-4EAD-A377-7BBB479876D2" comID="29F301EF-2BC2-45C0-8CC0-6FF6C8C0706D" comLinkType="cltPageLink"/>
    <linkSource sourcePageID="1CE07F64-CA15-4DB2-AC25-CCB7AA155690" comID="E5471E68-389B-4CCF-9C9E-875AF74C1531" comLinkType="cltPageLink"/>
    <linkSource sourcePageID="1CE07F64-CA15-4DB2-AC25-CCB7AA155690" comID="DC8146B4-B4A5-47F9-B02D-EA715631C4F4" comLinkType="cltPageLink"/>
    <linkSource sourcePageID="D089B172-96E2-442E-B7F0-A637E6A57A95" comID="0B562EAB-EEFD-4A13-9DC5-0DE37C85F204" comLinkType="cltPageLink"/>
    <linkSource sourcePageID="06F1C3A2-AE25-4EA3-ACC7-76C6790D3680" comID="8F11B808-30D9-40A4-AACB-7B528C118185" comLinkType="cltPageLink"/>
  </page>
  <page ID="1CE07F64-CA15-4DB2-AC25-CCB7AA155690">
    <linkSource sourcePageID="57D4F8A3-7640-4EAD-A377-7BBB479876D2" comID="DD97CEE3-6AC9-46FF-A15B-8244BE86780E" comLinkType="cltPageLink"/>
  </page>
  <page ID="D089B172-96E2-442E-B7F0-A637E6A57A95">
    <linkSource sourcePageID="1CE07F64-CA15-4DB2-AC25-CCB7AA155690" comID="33757595-59C9-41FA-AFA1-C6054E042994" comLinkType="cltPageLink"/>
  </page>
  <page ID="06F1C3A2-AE25-4EA3-ACC7-76C6790D3680">
    <linkSource sourcePageID="1CE07F64-CA15-4DB2-AC25-CCB7AA155690" comID="33757595-59C9-41FA-AFA1-C6054E042994" comLinkType="cltPageLink"/>
  </page>
  <page ID="B1AF6B1A-AF2D-4A77-BD2E-D12E9B7CE0FA">
    <linkSource sourcePageID="B8DF7FC0-2962-484E-8041-60462CFF75AD" comID="2630789A-7C96-4666-BF05-90CD72464BE4" comLinkType="cltPageLink"/>
    <linkSource sourcePageID="2E3C49AD-2D07-402C-871B-C685F4C14380" comID="A5785EE7-C350-41A4-B2E1-C66B80D90C88" comLinkType="cltPageLink"/>
    <linkSource sourcePageID="06F1C3A2-AE25-4EA3-ACC7-76C6790D3680" comID="D5C7CC5A-6947-4AD3-98F4-20E4CB0828A3" comLinkType="cltPageLink"/>
    <linkSource sourcePageID="06F1C3A2-AE25-4EA3-ACC7-76C6790D3680" comID="D2FBBF30-4CF4-473F-9A43-4B3473EC926B" comLinkType="cltPageLink"/>
  </page>
  <page ID="B8DF7FC0-2962-484E-8041-60462CFF75AD">
    <linkSource sourcePageID="B1AF6B1A-AF2D-4A77-BD2E-D12E9B7CE0FA" comID="AF659DC6-2F69-4294-A6AD-C51BBCBB5F5A" comLinkType="cltPageLink"/>
    <linkSource sourcePageID="2E3C49AD-2D07-402C-871B-C685F4C14380" comID="5284020C-77F3-4AB1-9813-4AB58EA5A425" comLinkType="cltPageLink"/>
    <linkSource sourcePageID="B1AF6B1A-AF2D-4A77-BD2E-D12E9B7CE0FA" comID="B13AB766-6F83-41F1-BDDF-101E4198E21E" comLinkType="cltPageLink"/>
    <linkSource sourcePageID="B1AF6B1A-AF2D-4A77-BD2E-D12E9B7CE0FA" comID="ADA00A22-2336-425D-8376-FD6CD247773C" comLinkType="cltPageLink"/>
    <linkSource sourcePageID="06F1C3A2-AE25-4EA3-ACC7-76C6790D3680" comID="9E58CD8A-32D7-490B-8E1E-039FA280EA2B" comLinkType="cltPageLink"/>
    <linkSource sourcePageID="FF608099-C0FC-4948-AB78-D5DB354B8803" comID="3644A2F1-4099-465D-8E4B-F6DDAE9EE423" comLinkType="cltPageLink"/>
  </page>
  <page ID="FF608099-C0FC-4948-AB78-D5DB354B8803">
    <linkSource sourcePageID="1D8E5A2A-FEEF-4975-B864-3F24ED2B355F" comID="52DC1312-2C1C-4245-922C-5D82DF984F1B" comLinkType="cltPageLink"/>
    <linkSource sourcePageID="1D8E5A2A-FEEF-4975-B864-3F24ED2B355F" comID="856286B6-D02A-4B33-9A74-AD1F0542FDAB" comLinkType="cltPageLink"/>
    <linkSource sourcePageID="1D8E5A2A-FEEF-4975-B864-3F24ED2B355F" comID="EF893790-10D9-4548-BF00-5234541539D3" comLinkType="cltPageLink"/>
    <linkSource sourcePageID="1D8E5A2A-FEEF-4975-B864-3F24ED2B355F" comID="6736AA57-FB1C-4C03-9B27-514A940E11FA" comLinkType="cltPageLink"/>
    <linkSource sourcePageID="1D8E5A2A-FEEF-4975-B864-3F24ED2B355F" comID="18A21BF8-369A-4012-BC70-EA0F8AF31C11" comLinkType="cltPageLink"/>
    <linkSource sourcePageID="B8DF7FC0-2962-484E-8041-60462CFF75AD" comID="DCE7D1F8-C89F-4346-854E-2D2B6A6310EB" comLinkType="cltPageLink"/>
    <linkSource sourcePageID="B8DF7FC0-2962-484E-8041-60462CFF75AD" comID="4A52D62F-BDA8-4E01-9A58-42CA95BC6459" comLinkType="cltPageLink"/>
    <linkSource sourcePageID="B8DF7FC0-2962-484E-8041-60462CFF75AD" comID="5E48BC92-3300-4454-B061-4A9B0EA620B7" comLinkType="cltPageLink"/>
  </page>
</LinkSources>